"","Channel","Condition","Light_status","mean_sleep_per_ind"
"1","Monitor7_ch31","GR23E10>Dec2-P384R m1","Day",0.229166666666667
"2","Monitor7_ch15","GR23E10>Dec2-P384R m1","Day",0.0213888888888889
"3","Monitor7_ch29","GR23E10>Dec2-P384R m1","Day",0.23
"4","Monitor7_ch27","GR23E10>Dec2-P384R m1","Day",0.5775
"5","Monitor7_ch28","GR23E10>Dec2-P384R m1","Day",0.00805555555555556
"6","Monitor7_ch24","GR23E10>Dec2-P384R m1","Day",0.191666666666667
"7","Monitor7_ch13","GR23E10>Dec2-P384R m1","Day",0.177222222222222
"8","Monitor7_ch16","GR23E10>Dec2-P384R m1","Day",0.292222222222222
"9","Monitor7_ch10","GR23E10>Dec2-P384R m1","Day",0.1825
"10","Monitor7_ch3","GR23E10>Dec2-P384R m1","Day",0.065
"11","Monitor7_ch19","GR23E10>Dec2-P384R m1","Day",0.206388888888889
"12","Monitor7_ch9","GR23E10>Dec2-P384R m1","Day",0.261388888888889
"13","Monitor7_ch21","GR23E10>Dec2-P384R m1","Day",0.278888888888889
"14","Monitor7_ch14","GR23E10>Dec2-P384R m1","Day",0.153888888888889
"15","Monitor7_ch25","GR23E10>Dec2-P384R m1","Day",0.242777777777778
"16","Monitor7_ch26","GR23E10>Dec2-P384R m1","Day",0.342777777777778
"17","Monitor7_ch8","GR23E10>Dec2-P384R m1","Day",0.0858333333333333
"18","Monitor7_ch6","GR23E10>Dec2-P384R m1","Day",0.211111111111111
"19","Monitor7_ch30","GR23E10>Dec2-P384R m1","Day",0.160277777777778
"20","Monitor7_ch2","GR23E10>Dec2-P384R m1","Day",0.502777777777778
"21","Monitor7_ch12","GR23E10>Dec2-P384R m1","Day",0.209722222222222
"22","Monitor7_ch23","GR23E10>Dec2-P384R m1","Day",0.234444444444444
"23","Monitor7_ch18","GR23E10>Dec2-P384R m1","Day",0.531944444444444
"24","Monitor7_ch11","GR23E10>Dec2-P384R m1","Day",0.00944444444444444
"25","Monitor7_ch4","GR23E10>Dec2-P384R m1","Day",0.367777777777778
"26","Monitor7_ch7","GR23E10>Dec2-P384R m1","Day",0.290555555555556
"27","Monitor7_ch32","GR23E10>Dec2-P384R m1","Day",0.248611111111111
"28","Monitor7_ch5","GR23E10>Dec2-P384R m1","Day",0.5725
"29","Monitor7_ch22","GR23E10>Dec2-P384R m1","Day",0.0558333333333333
"30","Monitor7_ch17","GR23E10>Dec2-P384R m1","Day",0.0883333333333333
"31","Monitor7_ch20","GR23E10>Dec2-P384R m1","Day",0.126111111111111
"32","Monitor7_ch21","GR23E10>Dec2-P384R m1","Night",0.938542825361513
"33","Monitor7_ch14","GR23E10>Dec2-P384R m1","Night",0.717463848720801
"34","Monitor7_ch13","GR23E10>Dec2-P384R m1","Night",0.829532814238042
"35","Monitor7_ch20","GR23E10>Dec2-P384R m1","Night",0.74916573971079
"36","Monitor7_ch17","GR23E10>Dec2-P384R m1","Night",0.738320355951057
"37","Monitor7_ch27","GR23E10>Dec2-P384R m1","Night",0.914071190211346
"38","Monitor7_ch3","GR23E10>Dec2-P384R m1","Night",0.741657397107898
"39","Monitor7_ch23","GR23E10>Dec2-P384R m1","Night",0.831201334816463
"40","Monitor7_ch28","GR23E10>Dec2-P384R m1","Night",0.635428253615128
"41","Monitor7_ch9","GR23E10>Dec2-P384R m1","Night",0.801167964404894
"42","Monitor7_ch15","GR23E10>Dec2-P384R m1","Night",0.71579532814238
"43","Monitor7_ch22","GR23E10>Dec2-P384R m1","Night",0.806451612903226
"44","Monitor7_ch18","GR23E10>Dec2-P384R m1","Night",0.839265850945495
"45","Monitor7_ch8","GR23E10>Dec2-P384R m1","Night",0.803392658509455
"46","Monitor7_ch26","GR23E10>Dec2-P384R m1","Night",0.862625139043382
"47","Monitor7_ch5","GR23E10>Dec2-P384R m1","Night",0.868464961067853
"48","Monitor7_ch2","GR23E10>Dec2-P384R m1","Night",0.873748609566185
"49","Monitor7_ch30","GR23E10>Dec2-P384R m1","Night",0.811179087875417
"50","Monitor7_ch12","GR23E10>Dec2-P384R m1","Night",0.846496106785317
"51","Monitor7_ch19","GR23E10>Dec2-P384R m1","Night",0.78559510567297
"52","Monitor7_ch16","GR23E10>Dec2-P384R m1","Night",0.826195773081201
"53","Monitor7_ch4","GR23E10>Dec2-P384R m1","Night",0.871802002224694
"54","Monitor7_ch6","GR23E10>Dec2-P384R m1","Night",0.733592880978865
"55","Monitor7_ch11","GR23E10>Dec2-P384R m1","Night",0.650444938820912
"56","Monitor7_ch25","GR23E10>Dec2-P384R m1","Night",0.942992213570634
"57","Monitor7_ch7","GR23E10>Dec2-P384R m1","Night",0.82313681868743
"58","Monitor7_ch32","GR23E10>Dec2-P384R m1","Night",0.864293659621802
"59","Monitor7_ch24","GR23E10>Dec2-P384R m1","Night",0.727753058954394
"60","Monitor7_ch10","GR23E10>Dec2-P384R m1","Night",0.85817575083426
"61","Monitor7_ch29","GR23E10>Dec2-P384R m1","Night",0.697719688542825
"62","Monitor7_ch31","GR23E10>Dec2-P384R m1","Night",0.949110122358176
